"id","amascat","biscat","measure","value"
602,"hi","lo","amas_learn",2.4
603,"hi","hi","amas_learn",3
604,"hi","hi","amas_learn",2
605,"lo","lo","amas_learn",1
606,"lo","hi","amas_learn",1.6
607,"hi","lo","amas_learn",2.2
608,"hi","lo","amas_learn",2.8
609,"hi","hi","amas_learn",3.4
610,"lo","lo","amas_learn",1
611,"lo","lo","amas_learn",1.4
612,"lo","lo","amas_learn",1
613,"lo","hi","amas_learn",1
614,"lo","lo","amas_learn",1
615,"lo","hi","amas_learn",1.4
616,"lo","lo","amas_learn",1
617,"hi","lo","amas_learn",3
618,"lo","lo","amas_learn",1
619,"lo","hi","amas_learn",1.2
620,"hi","lo","amas_learn",4.8
621,"lo","hi","amas_learn",1
622,"hi","hi","amas_learn",2.4
625,"lo","lo","amas_learn",1
626,"hi","hi","amas_learn",2.8
627,"hi","lo","amas_learn",2.2
628,"hi","lo","amas_learn",1.6
629,"hi","hi","amas_learn",2.8
630,"hi","hi","amas_learn",3.6
631,"hi","hi","amas_learn",3.4
632,"hi","lo","amas_learn",3
633,"lo","hi","amas_learn",1
634,"hi","hi","amas_learn",2.8
635,"lo","hi","amas_learn",1
636,"hi","hi","amas_learn",3.2
637,"hi","lo","amas_learn",2.4
638,"lo","hi","amas_learn",1.2
640,"lo","lo","amas_learn",1
641,"lo","lo","amas_learn",1.6
642,"hi","hi","amas_learn",1.8
643,"lo","lo","amas_learn",1
644,"hi","lo","amas_learn",2.6
645,"lo","lo","amas_learn",1
646,"lo","lo","amas_learn",1.4
647,"hi","lo","amas_learn",1.8
648,"hi","lo","amas_learn",2.8
649,"hi","hi","amas_learn",1.4
650,"lo","lo","amas_learn",1
651,"lo","lo","amas_learn",1
652,"hi","lo","amas_learn",1.6
653,"lo","hi","amas_learn",1
654,"lo","hi","amas_learn",1
655,"lo","lo","amas_learn",1
602,"hi","lo","amas_eval",3.75
603,"hi","hi","amas_eval",3
604,"hi","hi","amas_eval",3.5
605,"lo","lo","amas_eval",2.5
606,"lo","hi","amas_eval",2.25
607,"hi","lo","amas_eval",3.75
608,"hi","lo","amas_eval",3.75
609,"hi","hi","amas_eval",3.75
610,"lo","lo","amas_eval",2.5
611,"lo","lo","amas_eval",2.25
612,"lo","lo","amas_eval",1.25
613,"lo","hi","amas_eval",1
614,"lo","lo","amas_eval",1.75
615,"lo","hi","amas_eval",3
616,"lo","lo","amas_eval",1.5
617,"hi","lo","amas_eval",5
618,"lo","lo","amas_eval",2
619,"lo","hi","amas_eval",1
620,"hi","lo","amas_eval",4.75
621,"lo","hi","amas_eval",3
622,"hi","hi","amas_eval",4.25
625,"lo","lo","amas_eval",3.25
626,"hi","hi","amas_eval",3
627,"hi","lo","amas_eval",4.25
628,"hi","lo","amas_eval",3.25
629,"hi","hi","amas_eval",3
630,"hi","hi","amas_eval",4.5
631,"hi","hi","amas_eval",4
632,"hi","lo","amas_eval",3
633,"lo","hi","amas_eval",1.25
634,"hi","hi","amas_eval",3.25
635,"lo","hi","amas_eval",1
636,"hi","hi","amas_eval",4
637,"hi","lo","amas_eval",4.25
638,"lo","hi","amas_eval",2.25
640,"lo","lo","amas_eval",3.5
641,"lo","lo","amas_eval",2.25
642,"hi","hi","amas_eval",3.75
643,"lo","lo","amas_eval",2.5
644,"hi","lo","amas_eval",4.5
645,"lo","lo","amas_eval",2
646,"lo","lo","amas_eval",2.5
647,"hi","lo","amas_eval",5
648,"hi","lo","amas_eval",3.25
649,"hi","hi","amas_eval",4.5
650,"lo","lo","amas_eval",2.5
651,"lo","lo","amas_eval",1.5
652,"hi","lo","amas_eval",3.5
653,"lo","hi","amas_eval",1.25
654,"lo","hi","amas_eval",2.75
655,"lo","lo","amas_eval",2.5
602,"hi","lo","amas",3
603,"hi","hi","amas",3
604,"hi","hi","amas",2.66666666666667
605,"lo","lo","amas",1.66666666666667
606,"lo","hi","amas",1.88888888888889
607,"hi","lo","amas",2.88888888888889
608,"hi","lo","amas",3.22222222222222
609,"hi","hi","amas",3.55555555555556
610,"lo","lo","amas",1.66666666666667
611,"lo","lo","amas",1.77777777777778
612,"lo","lo","amas",1.11111111111111
613,"lo","hi","amas",1
614,"lo","lo","amas",1.33333333333333
615,"lo","hi","amas",2.11111111111111
616,"lo","lo","amas",1.22222222222222
617,"hi","lo","amas",3.88888888888889
618,"lo","lo","amas",1.44444444444444
619,"lo","hi","amas",1.11111111111111
620,"hi","lo","amas",4.77777777777778
621,"lo","hi","amas",1.88888888888889
622,"hi","hi","amas",3.22222222222222
625,"lo","lo","amas",2
626,"hi","hi","amas",2.88888888888889
627,"hi","lo","amas",3.11111111111111
628,"hi","lo","amas",2.33333333333333
629,"hi","hi","amas",2.88888888888889
630,"hi","hi","amas",4
631,"hi","hi","amas",3.66666666666667
632,"hi","lo","amas",3
633,"lo","hi","amas",1.11111111111111
634,"hi","hi","amas",3
635,"lo","hi","amas",1
636,"hi","hi","amas",3.55555555555556
637,"hi","lo","amas",3.22222222222222
638,"lo","hi","amas",1.66666666666667
640,"lo","lo","amas",2.11111111111111
641,"lo","lo","amas",1.88888888888889
642,"hi","hi","amas",2.66666666666667
643,"lo","lo","amas",1.66666666666667
644,"hi","lo","amas",3.44444444444444
645,"lo","lo","amas",1.44444444444444
646,"lo","lo","amas",1.88888888888889
647,"hi","lo","amas",3.22222222222222
648,"hi","lo","amas",3
649,"hi","hi","amas",2.77777777777778
650,"lo","lo","amas",1.66666666666667
651,"lo","lo","amas",1.22222222222222
652,"hi","lo","amas",2.44444444444444
653,"lo","hi","amas",1.11111111111111
654,"lo","hi","amas",1.77777777777778
655,"lo","lo","amas",1.66666666666667
602,"hi","lo","bis_ATT",1.75
603,"hi","hi","bis_ATT",2.75
604,"hi","hi","bis_ATT",2.625
605,"lo","lo","bis_ATT",1.875
606,"lo","hi","bis_ATT",2.125
607,"hi","lo","bis_ATT",2
608,"hi","lo","bis_ATT",1.75
609,"hi","hi","bis_ATT",2.625
610,"lo","lo","bis_ATT",2.125
611,"lo","lo","bis_ATT",1.625
612,"lo","lo","bis_ATT",1.875
613,"lo","hi","bis_ATT",2.25
614,"lo","lo","bis_ATT",1.875
615,"lo","hi","bis_ATT",3
616,"lo","lo","bis_ATT",2.25
617,"hi","lo","bis_ATT",2.125
618,"lo","lo","bis_ATT",1.375
619,"lo","hi","bis_ATT",2.875
620,"hi","lo","bis_ATT",2.25
621,"lo","hi","bis_ATT",1.625
622,"hi","hi","bis_ATT",2.625
625,"lo","lo","bis_ATT",1.875
626,"hi","hi","bis_ATT",2.25
627,"hi","lo","bis_ATT",1.625
628,"hi","lo","bis_ATT",1.5
629,"hi","hi","bis_ATT",2
630,"hi","hi","bis_ATT",2.375
631,"hi","hi","bis_ATT",2.5
632,"hi","lo","bis_ATT",1.75
633,"lo","hi","bis_ATT",1.75
634,"hi","hi","bis_ATT",2.75
635,"lo","hi","bis_ATT",2.75
636,"hi","hi","bis_ATT",2.5
637,"hi","lo","bis_ATT",2.375
638,"lo","hi","bis_ATT",2.375
640,"lo","lo","bis_ATT",2.125
641,"lo","lo","bis_ATT",2.125
642,"hi","hi","bis_ATT",2.125
643,"lo","lo","bis_ATT",1.5
644,"hi","lo","bis_ATT",1.25
645,"lo","lo","bis_ATT",1.75
646,"lo","lo","bis_ATT",1.75
647,"hi","lo","bis_ATT",2.25
648,"hi","lo","bis_ATT",1.5
649,"hi","hi","bis_ATT",2.125
650,"lo","lo","bis_ATT",1.5
651,"lo","lo","bis_ATT",1.5
652,"hi","lo","bis_ATT",2.25
653,"lo","hi","bis_ATT",2.875
654,"lo","hi","bis_ATT",2.375
655,"lo","lo","bis_ATT",2
602,"hi","lo","bis_MTR",1.54545454545455
603,"hi","hi","bis_MTR",2.45454545454545
604,"hi","hi","bis_MTR",1.72727272727273
605,"lo","lo","bis_MTR",1.54545454545455
606,"lo","hi","bis_MTR",1.90909090909091
607,"hi","lo","bis_MTR",1.72727272727273
608,"hi","lo","bis_MTR",1.72727272727273
609,"hi","hi","bis_MTR",2.45454545454545
610,"lo","lo","bis_MTR",1.27272727272727
611,"lo","lo","bis_MTR",1.54545454545455
612,"lo","lo","bis_MTR",2
613,"lo","hi","bis_MTR",2.09090909090909
614,"lo","lo","bis_MTR",1.81818181818182
615,"lo","hi","bis_MTR",2.18181818181818
616,"lo","lo","bis_MTR",2
617,"hi","lo","bis_MTR",1.72727272727273
618,"lo","lo","bis_MTR",1.63636363636364
619,"lo","hi","bis_MTR",1.90909090909091
620,"hi","lo","bis_MTR",1.45454545454545
621,"lo","hi","bis_MTR",2.36363636363636
622,"hi","hi","bis_MTR",2.36363636363636
625,"lo","lo","bis_MTR",1.54545454545455
626,"hi","hi","bis_MTR",2.09090909090909
627,"hi","lo","bis_MTR",1.45454545454545
628,"hi","lo","bis_MTR",1.90909090909091
629,"hi","hi","bis_MTR",2.18181818181818
630,"hi","hi","bis_MTR",2
631,"hi","hi","bis_MTR",2.36363636363636
632,"hi","lo","bis_MTR",1.27272727272727
633,"lo","hi","bis_MTR",1.54545454545455
634,"hi","hi","bis_MTR",2.27272727272727
635,"lo","hi","bis_MTR",2.90909090909091
636,"hi","hi","bis_MTR",2.09090909090909
637,"hi","lo","bis_MTR",1.54545454545455
638,"lo","hi","bis_MTR",2.18181818181818
640,"lo","lo","bis_MTR",1.63636363636364
641,"lo","lo","bis_MTR",2.09090909090909
642,"hi","hi","bis_MTR",2
643,"lo","lo","bis_MTR",1.72727272727273
644,"hi","lo","bis_MTR",1.36363636363636
645,"lo","lo","bis_MTR",1.90909090909091
646,"lo","lo","bis_MTR",1.54545454545455
647,"hi","lo","bis_MTR",2.18181818181818
648,"hi","lo","bis_MTR",1.36363636363636
649,"hi","hi","bis_MTR",2.09090909090909
650,"lo","lo","bis_MTR",1.36363636363636
651,"lo","lo","bis_MTR",1.81818181818182
652,"hi","lo","bis_MTR",1.72727272727273
653,"lo","hi","bis_MTR",2.27272727272727
654,"lo","hi","bis_MTR",2.09090909090909
655,"lo","lo","bis_MTR",1.54545454545455
602,"hi","lo","bis_NPL",1.54545454545455
603,"hi","hi","bis_NPL",2.27272727272727
604,"hi","hi","bis_NPL",2.18181818181818
605,"lo","lo","bis_NPL",2.27272727272727
606,"lo","hi","bis_NPL",2.45454545454545
607,"hi","lo","bis_NPL",2.27272727272727
608,"hi","lo","bis_NPL",2.45454545454545
609,"hi","hi","bis_NPL",2.27272727272727
610,"lo","lo","bis_NPL",2.09090909090909
611,"lo","lo","bis_NPL",2
612,"lo","lo","bis_NPL",2.18181818181818
613,"lo","hi","bis_NPL",2.72727272727273
614,"lo","lo","bis_NPL",1.63636363636364
615,"lo","hi","bis_NPL",1.45454545454545
616,"lo","lo","bis_NPL",2.09090909090909
617,"hi","lo","bis_NPL",1.90909090909091
618,"lo","lo","bis_NPL",2.09090909090909
619,"lo","hi","bis_NPL",2.45454545454545
620,"hi","lo","bis_NPL",2.18181818181818
621,"lo","hi","bis_NPL",2.72727272727273
622,"hi","hi","bis_NPL",2.45454545454545
625,"lo","lo","bis_NPL",2.36363636363636
626,"hi","hi","bis_NPL",2.72727272727273
627,"hi","lo","bis_NPL",2
628,"hi","lo","bis_NPL",2.18181818181818
629,"hi","hi","bis_NPL",2.81818181818182
630,"hi","hi","bis_NPL",2.45454545454545
631,"hi","hi","bis_NPL",2.81818181818182
632,"hi","lo","bis_NPL",3.18181818181818
633,"lo","hi","bis_NPL",3
634,"hi","hi","bis_NPL",2.72727272727273
635,"lo","hi","bis_NPL",2.27272727272727
636,"hi","hi","bis_NPL",2
637,"hi","lo","bis_NPL",1.90909090909091
638,"lo","hi","bis_NPL",2.18181818181818
640,"lo","lo","bis_NPL",2.36363636363636
641,"lo","lo","bis_NPL",2.09090909090909
642,"hi","hi","bis_NPL",2.54545454545455
643,"lo","lo","bis_NPL",1.81818181818182
644,"hi","lo","bis_NPL",1.45454545454545
645,"lo","lo","bis_NPL",2.54545454545455
646,"lo","lo","bis_NPL",2.18181818181818
647,"hi","lo","bis_NPL",1.45454545454545
648,"hi","lo","bis_NPL",2.45454545454545
649,"hi","hi","bis_NPL",2.72727272727273
650,"lo","lo","bis_NPL",2
651,"lo","lo","bis_NPL",1.18181818181818
652,"hi","lo","bis_NPL",2.27272727272727
653,"lo","hi","bis_NPL",2.54545454545455
654,"lo","hi","bis_NPL",2.36363636363636
655,"lo","lo","bis_NPL",1.54545454545455
602,"hi","lo","bis",1.6
603,"hi","hi","bis",2.46666666666667
604,"hi","hi","bis",2.13333333333333
605,"lo","lo","bis",1.9
606,"lo","hi","bis",2.16666666666667
607,"hi","lo","bis",2
608,"hi","lo","bis",2
609,"hi","hi","bis",2.43333333333333
610,"lo","lo","bis",1.8
611,"lo","lo","bis",1.73333333333333
612,"lo","lo","bis",2.03333333333333
613,"lo","hi","bis",2.36666666666667
614,"lo","lo","bis",1.76666666666667
615,"lo","hi","bis",2.13333333333333
616,"lo","lo","bis",2.1
617,"hi","lo","bis",1.9
618,"lo","lo","bis",1.73333333333333
619,"lo","hi","bis",2.36666666666667
620,"hi","lo","bis",1.93333333333333
621,"lo","hi","bis",2.3
622,"hi","hi","bis",2.46666666666667
625,"lo","lo","bis",1.93333333333333
626,"hi","hi","bis",2.36666666666667
627,"hi","lo","bis",1.7
628,"hi","lo","bis",1.9
629,"hi","hi","bis",2.36666666666667
630,"hi","hi","bis",2.26666666666667
631,"hi","hi","bis",2.56666666666667
632,"hi","lo","bis",2.1
633,"lo","hi","bis",2.13333333333333
634,"hi","hi","bis",2.56666666666667
635,"lo","hi","bis",2.63333333333333
636,"hi","hi","bis",2.16666666666667
637,"hi","lo","bis",1.9
638,"lo","hi","bis",2.23333333333333
640,"lo","lo","bis",2.03333333333333
641,"lo","lo","bis",2.1
642,"hi","hi","bis",2.23333333333333
643,"lo","lo","bis",1.7
644,"hi","lo","bis",1.36666666666667
645,"lo","lo","bis",2.1
646,"lo","lo","bis",1.83333333333333
647,"hi","lo","bis",1.93333333333333
648,"hi","lo","bis",1.8
649,"hi","hi","bis",2.33333333333333
650,"lo","lo","bis",1.63333333333333
651,"lo","lo","bis",1.5
652,"hi","lo","bis",2.06666666666667
653,"lo","hi","bis",2.53333333333333
654,"lo","hi","bis",2.26666666666667
655,"lo","lo","bis",1.66666666666667
602,"hi","lo","easymathtime",3498.1
603,"hi","hi","easymathtime",2817.9625
604,"hi","hi","easymathtime",3428.0875
605,"lo","lo","easymathtime",3666.1125
606,"lo","hi","easymathtime",2180.8375
607,"hi","lo","easymathtime",2565.7125
608,"hi","lo","easymathtime",4269.8125
609,"hi","hi","easymathtime",4126.3375
610,"lo","lo","easymathtime",2533.425
611,"lo","lo","easymathtime",3475.4375
612,"lo","lo","easymathtime",2580.85
613,"lo","hi","easymathtime",2652.425
614,"lo","lo","easymathtime",2425.7
615,"lo","hi","easymathtime",3005.225
616,"lo","lo","easymathtime",2030.4125
617,"hi","lo","easymathtime",4876.525
618,"lo","lo","easymathtime",2257.1125
619,"lo","hi","easymathtime",2230.8125
620,"hi","lo","easymathtime",3475.0375
621,"lo","hi","easymathtime",2494.5375
622,"hi","hi","easymathtime",3854.2
625,"lo","lo","easymathtime",3669.8625
626,"hi","hi","easymathtime",4207.3375
627,"hi","lo","easymathtime",3274.7625
628,"hi","lo","easymathtime",2242.175
629,"hi","hi","easymathtime",3629.9
630,"hi","hi","easymathtime",3837.825
631,"hi","hi","easymathtime",3683.55
632,"hi","lo","easymathtime",2478.4625
633,"lo","hi","easymathtime",3790.0875
634,"hi","hi","easymathtime",3888.6375
635,"lo","hi","easymathtime",4047.5
636,"hi","hi","easymathtime",3804.725
637,"hi","lo","easymathtime",2841.5125
638,"lo","hi","easymathtime",2671.05
640,"lo","lo","easymathtime",3725.575
641,"lo","lo","easymathtime",2363.5625
642,"hi","hi","easymathtime",3650.55
643,"lo","lo","easymathtime",3002.8125
644,"hi","lo","easymathtime",3781.55
645,"lo","lo","easymathtime",3042.225
646,"lo","lo","easymathtime",2382.7875
647,"hi","lo","easymathtime",2869.0125
648,"hi","lo","easymathtime",2314.9375
649,"hi","hi","easymathtime",4271.9375
650,"lo","lo","easymathtime",2634.5125
651,"lo","lo","easymathtime",2226.8625
652,"hi","lo","easymathtime",2815.15
653,"lo","hi","easymathtime",2098.6125
654,"lo","hi","easymathtime",3475.85
655,"lo","lo","easymathtime",3472.9125
602,"hi","lo","hardmathtime",4786.9
603,"hi","hi","hardmathtime",3595.125
604,"hi","hi","hardmathtime",5090.1
605,"lo","lo","hardmathtime",4436.7625
606,"lo","hi","hardmathtime",4623.45
607,"hi","lo","hardmathtime",4251.2625
608,"hi","lo","hardmathtime",3632.1
609,"hi","hi","hardmathtime",3087.225
610,"lo","lo","hardmathtime",4369.35
611,"lo","lo","hardmathtime",4041.575
612,"lo","lo","hardmathtime",4568.375
613,"lo","hi","hardmathtime",3955.35
614,"lo","lo","hardmathtime",4622.9
615,"lo","hi","hardmathtime",4232.8875
616,"lo","lo","hardmathtime",3856.325
617,"hi","lo","hardmathtime",3956.5
618,"lo","lo","hardmathtime",4017.05
619,"lo","hi","hardmathtime",4080.0125
620,"hi","lo","hardmathtime",3368.9125
621,"lo","hi","hardmathtime",4802.5625
622,"hi","hi","hardmathtime",2984.0125
625,"lo","lo","hardmathtime",4608.8375
626,"hi","hi","hardmathtime",2747.3125
627,"hi","lo","hardmathtime",4507.7375
628,"hi","lo","hardmathtime",3820.725
629,"hi","hi","hardmathtime",4447.5
630,"hi","hi","hardmathtime",4302.45
631,"hi","hi","hardmathtime",2401.125
632,"hi","lo","hardmathtime",3371.8125
633,"lo","hi","hardmathtime",4371.8125
634,"hi","hi","hardmathtime",4764.7125
635,"lo","hi","hardmathtime",4072.1625
636,"hi","hi","hardmathtime",3735.975
637,"hi","lo","hardmathtime",4412.0375
638,"lo","hi","hardmathtime",4099.0625
640,"lo","lo","hardmathtime",4205.1875
641,"lo","lo","hardmathtime",3135.5875
642,"hi","hi","hardmathtime",3853.25
643,"lo","lo","hardmathtime",4973.125
644,"hi","lo","hardmathtime",4075.6875
645,"lo","lo","hardmathtime",4178.7875
646,"lo","lo","hardmathtime",4237.775
647,"hi","lo","hardmathtime",4206.2875
648,"hi","lo","hardmathtime",4795.4625
649,"hi","hi","hardmathtime",4021.4625
650,"lo","lo","hardmathtime",4289.825
651,"lo","lo","hardmathtime",3393.05
652,"hi","lo","hardmathtime",3828.65
653,"lo","hi","hardmathtime",3968.6125
654,"lo","hi","hardmathtime",4975.0125
655,"lo","lo","hardmathtime",4033.8125
602,"hi","lo","easyverbaltime",2350.8
603,"hi","hi","easyverbaltime",1771.3875
604,"hi","hi","easyverbaltime",2820.7625
605,"lo","lo","easyverbaltime",2400.8
606,"lo","hi","easyverbaltime",1793.3875
607,"hi","lo","easyverbaltime",2110.7
608,"hi","lo","easyverbaltime",2115.15
609,"hi","hi","easyverbaltime",2375.3875
610,"lo","lo","easyverbaltime",2296.6625
611,"lo","lo","easyverbaltime",2867.5
612,"lo","lo","easyverbaltime",1898.6625
613,"lo","hi","easyverbaltime",2228.1875
614,"lo","lo","easyverbaltime",1578.45
615,"lo","hi","easyverbaltime",2100.425
616,"lo","lo","easyverbaltime",1825.2125
617,"hi","lo","easyverbaltime",3673.375
618,"lo","lo","easyverbaltime",1568.2875
619,"lo","hi","easyverbaltime",1968.575
620,"hi","lo","easyverbaltime",2225.6625
621,"lo","hi","easyverbaltime",1746.2375
622,"hi","hi","easyverbaltime",1480.6875
625,"lo","lo","easyverbaltime",2944.6625
626,"hi","hi","easyverbaltime",2645.65
627,"hi","lo","easyverbaltime",2368.275
628,"hi","lo","easyverbaltime",1743.6625
629,"hi","hi","easyverbaltime",2011.525
630,"hi","hi","easyverbaltime",2602.3875
631,"hi","hi","easyverbaltime",1875.3125
632,"hi","lo","easyverbaltime",3230.35
633,"lo","hi","easyverbaltime",2328.2125
634,"hi","hi","easyverbaltime",1790.15
635,"lo","hi","easyverbaltime",2033
636,"hi","hi","easyverbaltime",1775.675
637,"hi","lo","easyverbaltime",2483.6125
638,"lo","hi","easyverbaltime",1619.625
640,"lo","lo","easyverbaltime",1931.2
641,"lo","lo","easyverbaltime",1853.675
642,"hi","hi","easyverbaltime",2458.325
643,"lo","lo","easyverbaltime",2476.775
644,"hi","lo","easyverbaltime",2848.6875
645,"lo","lo","easyverbaltime",3186.425
646,"lo","lo","easyverbaltime",2025.4875
647,"hi","lo","easyverbaltime",2128.525
648,"hi","lo","easyverbaltime",2424.7875
649,"hi","hi","easyverbaltime",2332.9875
650,"lo","lo","easyverbaltime",2558.45
651,"lo","lo","easyverbaltime",2569.9
652,"hi","lo","easyverbaltime",2025.25
653,"lo","hi","easyverbaltime",2114.5625
654,"lo","hi","easyverbaltime",1973.3
655,"lo","lo","easyverbaltime",2485.4625
602,"hi","lo","hardverbaltime",3465.8875
603,"hi","hi","hardverbaltime",2898.875
604,"hi","hi","hardverbaltime",4710.25
605,"lo","lo","hardverbaltime",3837.1125
606,"lo","hi","hardverbaltime",3376
607,"hi","lo","hardverbaltime",2813.975
608,"hi","lo","hardverbaltime",3658.7375
609,"hi","hi","hardverbaltime",4803.2125
610,"lo","lo","hardverbaltime",3723.5125
611,"lo","lo","hardverbaltime",3253.6
612,"lo","lo","hardverbaltime",3205.825
613,"lo","hi","hardverbaltime",2369.7625
614,"lo","lo","hardverbaltime",3915.8375
615,"lo","hi","hardverbaltime",3673.6875
616,"lo","lo","hardverbaltime",3046.45
617,"hi","lo","hardverbaltime",3381.0125
618,"lo","lo","hardverbaltime",3411.8875
619,"lo","hi","hardverbaltime",3295.3125
620,"hi","lo","hardverbaltime",3406.2375
621,"lo","hi","hardverbaltime",3036.225
622,"hi","hi","hardverbaltime",1541.1
625,"lo","lo","hardverbaltime",3845.15
626,"hi","hi","hardverbaltime",2939.425
627,"hi","lo","hardverbaltime",3742.3125
628,"hi","lo","hardverbaltime",2164.7625
629,"hi","hi","hardverbaltime",3388.15
630,"hi","hi","hardverbaltime",3649.9
631,"hi","hi","hardverbaltime",2418.45
632,"hi","lo","hardverbaltime",4073.025
633,"lo","hi","hardverbaltime",2625.4625
634,"hi","hi","hardverbaltime",4560.4375
635,"lo","hi","hardverbaltime",4068.9125
636,"hi","hi","hardverbaltime",3610.6625
637,"hi","lo","hardverbaltime",3934.925
638,"lo","hi","hardverbaltime",2519.5875
640,"lo","lo","hardverbaltime",3587.9125
641,"lo","lo","hardverbaltime",3588.7375
642,"hi","hi","hardverbaltime",4151.7625
643,"lo","lo","hardverbaltime",2959.1
644,"hi","lo","hardverbaltime",3361.8
645,"lo","lo","hardverbaltime",3858.9
646,"lo","lo","hardverbaltime",3215.3125
647,"hi","lo","hardverbaltime",3606.3125
648,"hi","lo","hardverbaltime",3096.3375
649,"hi","hi","hardverbaltime",3429.2125
650,"lo","lo","hardverbaltime",2548.2
651,"lo","lo","hardverbaltime",3563.15
652,"hi","lo","hardverbaltime",3308.625
653,"lo","hi","hardverbaltime",3146.8875
654,"lo","hi","hardverbaltime",3669.5375
655,"lo","lo","hardverbaltime",3623.25
602,"hi","lo","easymathcorrect",8
603,"hi","hi","easymathcorrect",6
604,"hi","hi","easymathcorrect",6
605,"lo","lo","easymathcorrect",7
606,"lo","hi","easymathcorrect",8
607,"hi","lo","easymathcorrect",8
608,"hi","lo","easymathcorrect",6
609,"hi","hi","easymathcorrect",6
610,"lo","lo","easymathcorrect",8
611,"lo","lo","easymathcorrect",6
612,"lo","lo","easymathcorrect",8
613,"lo","hi","easymathcorrect",8
614,"lo","lo","easymathcorrect",8
615,"lo","hi","easymathcorrect",5
616,"lo","lo","easymathcorrect",8
617,"hi","lo","easymathcorrect",4
618,"lo","lo","easymathcorrect",7
619,"lo","hi","easymathcorrect",8
620,"hi","lo","easymathcorrect",6
621,"lo","hi","easymathcorrect",7
622,"hi","hi","easymathcorrect",5
625,"lo","lo","easymathcorrect",5
626,"hi","hi","easymathcorrect",5
627,"hi","lo","easymathcorrect",7
628,"hi","lo","easymathcorrect",7
629,"hi","hi","easymathcorrect",7
630,"hi","hi","easymathcorrect",7
631,"hi","hi","easymathcorrect",1
632,"hi","lo","easymathcorrect",6
633,"lo","hi","easymathcorrect",4
634,"hi","hi","easymathcorrect",7
635,"lo","hi","easymathcorrect",7
636,"hi","hi","easymathcorrect",6
637,"hi","lo","easymathcorrect",7
638,"lo","hi","easymathcorrect",8
640,"lo","lo","easymathcorrect",6
641,"lo","lo","easymathcorrect",8
642,"hi","hi","easymathcorrect",8
643,"lo","lo","easymathcorrect",8
644,"hi","lo","easymathcorrect",7
645,"lo","lo","easymathcorrect",6
646,"lo","lo","easymathcorrect",8
647,"hi","lo","easymathcorrect",8
648,"hi","lo","easymathcorrect",7
649,"hi","hi","easymathcorrect",4
650,"lo","lo","easymathcorrect",6
651,"lo","lo","easymathcorrect",8
652,"hi","lo","easymathcorrect",7
653,"lo","hi","easymathcorrect",7
654,"lo","hi","easymathcorrect",6
655,"lo","lo","easymathcorrect",8
602,"hi","lo","hardmathcorrect",2
603,"hi","hi","hardmathcorrect",4
604,"hi","hi","hardmathcorrect",0
605,"lo","lo","hardmathcorrect",4
606,"lo","hi","hardmathcorrect",6
607,"hi","lo","hardmathcorrect",4
608,"hi","lo","hardmathcorrect",2
609,"hi","hi","hardmathcorrect",4
610,"lo","lo","hardmathcorrect",6
611,"lo","lo","hardmathcorrect",4
612,"lo","lo","hardmathcorrect",5
613,"lo","hi","hardmathcorrect",4
614,"lo","lo","hardmathcorrect",3
615,"lo","hi","hardmathcorrect",1
616,"lo","lo","hardmathcorrect",5
617,"hi","lo","hardmathcorrect",2
618,"lo","lo","hardmathcorrect",6
619,"lo","hi","hardmathcorrect",5
620,"hi","lo","hardmathcorrect",4
621,"lo","hi","hardmathcorrect",4
622,"hi","hi","hardmathcorrect",4
625,"lo","lo","hardmathcorrect",2
626,"hi","hi","hardmathcorrect",4
627,"hi","lo","hardmathcorrect",5
628,"hi","lo","hardmathcorrect",3
629,"hi","hi","hardmathcorrect",4
630,"hi","hi","hardmathcorrect",2
631,"hi","hi","hardmathcorrect",5
632,"hi","lo","hardmathcorrect",4
633,"lo","hi","hardmathcorrect",5
634,"hi","hi","hardmathcorrect",1
635,"lo","hi","hardmathcorrect",4
636,"hi","hi","hardmathcorrect",3
637,"hi","lo","hardmathcorrect",5
638,"lo","hi","hardmathcorrect",4
640,"lo","lo","hardmathcorrect",4
641,"lo","lo","hardmathcorrect",4
642,"hi","hi","hardmathcorrect",5
643,"lo","lo","hardmathcorrect",4
644,"hi","lo","hardmathcorrect",5
645,"lo","lo","hardmathcorrect",3
646,"lo","lo","hardmathcorrect",0
647,"hi","lo","hardmathcorrect",3
648,"hi","lo","hardmathcorrect",5
649,"hi","hi","hardmathcorrect",4
650,"lo","lo","hardmathcorrect",4
651,"lo","lo","hardmathcorrect",3
652,"hi","lo","hardmathcorrect",5
653,"lo","hi","hardmathcorrect",6
654,"lo","hi","hardmathcorrect",1
655,"lo","lo","hardmathcorrect",5
602,"hi","lo","easyverbalcorrect",8
603,"hi","hi","easyverbalcorrect",7
604,"hi","hi","easyverbalcorrect",4
605,"lo","lo","easyverbalcorrect",8
606,"lo","hi","easyverbalcorrect",8
607,"hi","lo","easyverbalcorrect",7
608,"hi","lo","easyverbalcorrect",5
609,"hi","hi","easyverbalcorrect",5
610,"lo","lo","easyverbalcorrect",5
611,"lo","lo","easyverbalcorrect",5
612,"lo","lo","easyverbalcorrect",7
613,"lo","hi","easyverbalcorrect",7
614,"lo","lo","easyverbalcorrect",7
615,"lo","hi","easyverbalcorrect",8
616,"lo","lo","easyverbalcorrect",8
617,"hi","lo","easyverbalcorrect",5
618,"lo","lo","easyverbalcorrect",8
619,"lo","hi","easyverbalcorrect",8
620,"hi","lo","easyverbalcorrect",8
621,"lo","hi","easyverbalcorrect",7
622,"hi","hi","easyverbalcorrect",3
625,"lo","lo","easyverbalcorrect",4
626,"hi","hi","easyverbalcorrect",7
627,"hi","lo","easyverbalcorrect",7
628,"hi","lo","easyverbalcorrect",6
629,"hi","hi","easyverbalcorrect",8
630,"hi","hi","easyverbalcorrect",8
631,"hi","hi","easyverbalcorrect",6
632,"hi","lo","easyverbalcorrect",5
633,"lo","hi","easyverbalcorrect",6
634,"hi","hi","easyverbalcorrect",8
635,"lo","hi","easyverbalcorrect",8
636,"hi","hi","easyverbalcorrect",8
637,"hi","lo","easyverbalcorrect",7
638,"lo","hi","easyverbalcorrect",8
640,"lo","lo","easyverbalcorrect",7
641,"lo","lo","easyverbalcorrect",8
642,"hi","hi","easyverbalcorrect",8
643,"lo","lo","easyverbalcorrect",8
644,"hi","lo","easyverbalcorrect",8
645,"lo","lo","easyverbalcorrect",8
646,"lo","lo","easyverbalcorrect",8
647,"hi","lo","easyverbalcorrect",8
648,"hi","lo","easyverbalcorrect",8
649,"hi","hi","easyverbalcorrect",8
650,"lo","lo","easyverbalcorrect",7
651,"lo","lo","easyverbalcorrect",8
652,"hi","lo","easyverbalcorrect",8
653,"lo","hi","easyverbalcorrect",8
654,"lo","hi","easyverbalcorrect",6
655,"lo","lo","easyverbalcorrect",8
602,"hi","lo","hardverbalcorrect",5
603,"hi","hi","hardverbalcorrect",7
604,"hi","hi","hardverbalcorrect",3
605,"lo","lo","hardverbalcorrect",6
606,"lo","hi","hardverbalcorrect",7
607,"hi","lo","hardverbalcorrect",3
608,"hi","lo","hardverbalcorrect",4
609,"hi","hi","hardverbalcorrect",2
610,"lo","lo","hardverbalcorrect",5
611,"lo","lo","hardverbalcorrect",5
612,"lo","lo","hardverbalcorrect",5
613,"lo","hi","hardverbalcorrect",4
614,"lo","lo","hardverbalcorrect",6
615,"lo","hi","hardverbalcorrect",6
616,"lo","lo","hardverbalcorrect",4
617,"hi","lo","hardverbalcorrect",4
618,"lo","lo","hardverbalcorrect",5
619,"lo","hi","hardverbalcorrect",5
620,"hi","lo","hardverbalcorrect",5
621,"lo","hi","hardverbalcorrect",6
622,"hi","hi","hardverbalcorrect",3
625,"lo","lo","hardverbalcorrect",4
626,"hi","hi","hardverbalcorrect",4
627,"hi","lo","hardverbalcorrect",3
628,"hi","lo","hardverbalcorrect",6
629,"hi","hi","hardverbalcorrect",7
630,"hi","hi","hardverbalcorrect",5
631,"hi","hi","hardverbalcorrect",4
632,"hi","lo","hardverbalcorrect",3
633,"lo","hi","hardverbalcorrect",3
634,"hi","hi","hardverbalcorrect",3
635,"lo","hi","hardverbalcorrect",6
636,"hi","hi","hardverbalcorrect",7
637,"hi","lo","hardverbalcorrect",6
638,"lo","hi","hardverbalcorrect",5
640,"lo","lo","hardverbalcorrect",7
641,"lo","lo","hardverbalcorrect",7
642,"hi","hi","hardverbalcorrect",5
643,"lo","lo","hardverbalcorrect",7
644,"hi","lo","hardverbalcorrect",3
645,"lo","lo","hardverbalcorrect",4
646,"lo","lo","hardverbalcorrect",6
647,"hi","lo","hardverbalcorrect",7
648,"hi","lo","hardverbalcorrect",7
649,"hi","hi","hardverbalcorrect",6
650,"lo","lo","hardverbalcorrect",6
651,"lo","lo","hardverbalcorrect",6
652,"hi","lo","hardverbalcorrect",5
653,"lo","hi","hardverbalcorrect",5
654,"lo","hi","hardverbalcorrect",3
655,"lo","lo","hardverbalcorrect",5
602,"hi","lo","mathcorrectdif",6
603,"hi","hi","mathcorrectdif",2
604,"hi","hi","mathcorrectdif",6
605,"lo","lo","mathcorrectdif",3
606,"lo","hi","mathcorrectdif",2
607,"hi","lo","mathcorrectdif",4
608,"hi","lo","mathcorrectdif",4
609,"hi","hi","mathcorrectdif",2
610,"lo","lo","mathcorrectdif",2
611,"lo","lo","mathcorrectdif",2
612,"lo","lo","mathcorrectdif",3
613,"lo","hi","mathcorrectdif",4
614,"lo","lo","mathcorrectdif",5
615,"lo","hi","mathcorrectdif",4
616,"lo","lo","mathcorrectdif",3
617,"hi","lo","mathcorrectdif",2
618,"lo","lo","mathcorrectdif",1
619,"lo","hi","mathcorrectdif",3
620,"hi","lo","mathcorrectdif",2
621,"lo","hi","mathcorrectdif",3
622,"hi","hi","mathcorrectdif",1
625,"lo","lo","mathcorrectdif",3
626,"hi","hi","mathcorrectdif",1
627,"hi","lo","mathcorrectdif",2
628,"hi","lo","mathcorrectdif",4
629,"hi","hi","mathcorrectdif",3
630,"hi","hi","mathcorrectdif",5
631,"hi","hi","mathcorrectdif",-4
632,"hi","lo","mathcorrectdif",2
633,"lo","hi","mathcorrectdif",-1
634,"hi","hi","mathcorrectdif",6
635,"lo","hi","mathcorrectdif",3
636,"hi","hi","mathcorrectdif",3
637,"hi","lo","mathcorrectdif",2
638,"lo","hi","mathcorrectdif",4
640,"lo","lo","mathcorrectdif",2
641,"lo","lo","mathcorrectdif",4
642,"hi","hi","mathcorrectdif",3
643,"lo","lo","mathcorrectdif",4
644,"hi","lo","mathcorrectdif",2
645,"lo","lo","mathcorrectdif",3
646,"lo","lo","mathcorrectdif",8
647,"hi","lo","mathcorrectdif",5
648,"hi","lo","mathcorrectdif",2
649,"hi","hi","mathcorrectdif",0
650,"lo","lo","mathcorrectdif",2
651,"lo","lo","mathcorrectdif",5
652,"hi","lo","mathcorrectdif",2
653,"lo","hi","mathcorrectdif",1
654,"lo","hi","mathcorrectdif",5
655,"lo","lo","mathcorrectdif",3
602,"hi","lo","verbalcorrectdif",3
603,"hi","hi","verbalcorrectdif",0
604,"hi","hi","verbalcorrectdif",1
605,"lo","lo","verbalcorrectdif",2
606,"lo","hi","verbalcorrectdif",1
607,"hi","lo","verbalcorrectdif",4
608,"hi","lo","verbalcorrectdif",1
609,"hi","hi","verbalcorrectdif",3
610,"lo","lo","verbalcorrectdif",0
611,"lo","lo","verbalcorrectdif",0
612,"lo","lo","verbalcorrectdif",2
613,"lo","hi","verbalcorrectdif",3
614,"lo","lo","verbalcorrectdif",1
615,"lo","hi","verbalcorrectdif",2
616,"lo","lo","verbalcorrectdif",4
617,"hi","lo","verbalcorrectdif",1
618,"lo","lo","verbalcorrectdif",3
619,"lo","hi","verbalcorrectdif",3
620,"hi","lo","verbalcorrectdif",3
621,"lo","hi","verbalcorrectdif",1
622,"hi","hi","verbalcorrectdif",0
625,"lo","lo","verbalcorrectdif",0
626,"hi","hi","verbalcorrectdif",3
627,"hi","lo","verbalcorrectdif",4
628,"hi","lo","verbalcorrectdif",0
629,"hi","hi","verbalcorrectdif",1
630,"hi","hi","verbalcorrectdif",3
631,"hi","hi","verbalcorrectdif",2
632,"hi","lo","verbalcorrectdif",2
633,"lo","hi","verbalcorrectdif",3
634,"hi","hi","verbalcorrectdif",5
635,"lo","hi","verbalcorrectdif",2
636,"hi","hi","verbalcorrectdif",1
637,"hi","lo","verbalcorrectdif",1
638,"lo","hi","verbalcorrectdif",3
640,"lo","lo","verbalcorrectdif",0
641,"lo","lo","verbalcorrectdif",1
642,"hi","hi","verbalcorrectdif",3
643,"lo","lo","verbalcorrectdif",1
644,"hi","lo","verbalcorrectdif",5
645,"lo","lo","verbalcorrectdif",4
646,"lo","lo","verbalcorrectdif",2
647,"hi","lo","verbalcorrectdif",1
648,"hi","lo","verbalcorrectdif",1
649,"hi","hi","verbalcorrectdif",2
650,"lo","lo","verbalcorrectdif",1
651,"lo","lo","verbalcorrectdif",2
652,"hi","lo","verbalcorrectdif",3
653,"lo","hi","verbalcorrectdif",3
654,"lo","hi","verbalcorrectdif",3
655,"lo","lo","verbalcorrectdif",3
602,"hi","lo","mathtimediff",1288.8
603,"hi","hi","mathtimediff",777.1625
604,"hi","hi","mathtimediff",1662.0125
605,"lo","lo","mathtimediff",770.65
606,"lo","hi","mathtimediff",2442.6125
607,"hi","lo","mathtimediff",1685.55
608,"hi","lo","mathtimediff",-637.7125
609,"hi","hi","mathtimediff",-1039.1125
610,"lo","lo","mathtimediff",1835.925
611,"lo","lo","mathtimediff",566.1375
612,"lo","lo","mathtimediff",1987.525
613,"lo","hi","mathtimediff",1302.925
614,"lo","lo","mathtimediff",2197.2
615,"lo","hi","mathtimediff",1227.6625
616,"lo","lo","mathtimediff",1825.9125
617,"hi","lo","mathtimediff",-920.025
618,"lo","lo","mathtimediff",1759.9375
619,"lo","hi","mathtimediff",1849.2
620,"hi","lo","mathtimediff",-106.125
621,"lo","hi","mathtimediff",2308.025
622,"hi","hi","mathtimediff",-870.1875
625,"lo","lo","mathtimediff",938.974999999999
626,"hi","hi","mathtimediff",-1460.025
627,"hi","lo","mathtimediff",1232.975
628,"hi","lo","mathtimediff",1578.55
629,"hi","hi","mathtimediff",817.6
630,"hi","hi","mathtimediff",464.625
631,"hi","hi","mathtimediff",-1282.425
632,"hi","lo","mathtimediff",893.35
633,"lo","hi","mathtimediff",581.725
634,"hi","hi","mathtimediff",876.075
635,"lo","hi","mathtimediff",24.6624999999999
636,"hi","hi","mathtimediff",-68.75
637,"hi","lo","mathtimediff",1570.525
638,"lo","hi","mathtimediff",1428.0125
640,"lo","lo","mathtimediff",479.6125
641,"lo","lo","mathtimediff",772.025
642,"hi","hi","mathtimediff",202.7
643,"lo","lo","mathtimediff",1970.3125
644,"hi","lo","mathtimediff",294.1375
645,"lo","lo","mathtimediff",1136.5625
646,"lo","lo","mathtimediff",1854.9875
647,"hi","lo","mathtimediff",1337.275
648,"hi","lo","mathtimediff",2480.525
649,"hi","hi","mathtimediff",-250.475
650,"lo","lo","mathtimediff",1655.3125
651,"lo","lo","mathtimediff",1166.1875
652,"hi","lo","mathtimediff",1013.5
653,"lo","hi","mathtimediff",1870
654,"lo","hi","mathtimediff",1499.1625
655,"lo","lo","mathtimediff",560.9
602,"hi","lo","verbaltimediff",1115.0875
603,"hi","hi","verbaltimediff",1127.4875
604,"hi","hi","verbaltimediff",1889.4875
605,"lo","lo","verbaltimediff",1436.3125
606,"lo","hi","verbaltimediff",1582.6125
607,"hi","lo","verbaltimediff",703.275
608,"hi","lo","verbaltimediff",1543.5875
609,"hi","hi","verbaltimediff",2427.825
610,"lo","lo","verbaltimediff",1426.85
611,"lo","lo","verbaltimediff",386.1
612,"lo","lo","verbaltimediff",1307.1625
613,"lo","hi","verbaltimediff",141.575
614,"lo","lo","verbaltimediff",2337.3875
615,"lo","hi","verbaltimediff",1573.2625
616,"lo","lo","verbaltimediff",1221.2375
617,"hi","lo","verbaltimediff",-292.3625
618,"lo","lo","verbaltimediff",1843.6
619,"lo","hi","verbaltimediff",1326.7375
620,"hi","lo","verbaltimediff",1180.575
621,"lo","hi","verbaltimediff",1289.9875
622,"hi","hi","verbaltimediff",60.4124999999999
625,"lo","lo","verbaltimediff",900.4875
626,"hi","hi","verbaltimediff",293.775
627,"hi","lo","verbaltimediff",1374.0375
628,"hi","lo","verbaltimediff",421.1
629,"hi","hi","verbaltimediff",1376.625
630,"hi","hi","verbaltimediff",1047.5125
631,"hi","hi","verbaltimediff",543.1375
632,"hi","lo","verbaltimediff",842.675
633,"lo","hi","verbaltimediff",297.25
634,"hi","hi","verbaltimediff",2770.2875
635,"lo","hi","verbaltimediff",2035.9125
636,"hi","hi","verbaltimediff",1834.9875
637,"hi","lo","verbaltimediff",1451.3125
638,"lo","hi","verbaltimediff",899.9625
640,"lo","lo","verbaltimediff",1656.7125
641,"lo","lo","verbaltimediff",1735.0625
642,"hi","hi","verbaltimediff",1693.4375
643,"lo","lo","verbaltimediff",482.325
644,"hi","lo","verbaltimediff",513.1125
645,"lo","lo","verbaltimediff",672.475
646,"lo","lo","verbaltimediff",1189.825
647,"hi","lo","verbaltimediff",1477.7875
648,"hi","lo","verbaltimediff",671.55
649,"hi","hi","verbaltimediff",1096.225
650,"lo","lo","verbaltimediff",-10.25
651,"lo","lo","verbaltimediff",993.25
652,"hi","lo","verbaltimediff",1283.375
653,"lo","hi","verbaltimediff",1032.325
654,"lo","hi","verbaltimediff",1696.2375
655,"lo","lo","verbaltimediff",1137.7875
602,"hi","lo","easycorrectdiff",0
603,"hi","hi","easycorrectdiff",1
604,"hi","hi","easycorrectdiff",-2
605,"lo","lo","easycorrectdiff",1
606,"lo","hi","easycorrectdiff",0
607,"hi","lo","easycorrectdiff",-1
608,"hi","lo","easycorrectdiff",-1
609,"hi","hi","easycorrectdiff",-1
610,"lo","lo","easycorrectdiff",-3
611,"lo","lo","easycorrectdiff",-1
612,"lo","lo","easycorrectdiff",-1
613,"lo","hi","easycorrectdiff",-1
614,"lo","lo","easycorrectdiff",-1
615,"lo","hi","easycorrectdiff",3
616,"lo","lo","easycorrectdiff",0
617,"hi","lo","easycorrectdiff",1
618,"lo","lo","easycorrectdiff",1
619,"lo","hi","easycorrectdiff",0
620,"hi","lo","easycorrectdiff",2
621,"lo","hi","easycorrectdiff",0
622,"hi","hi","easycorrectdiff",-2
625,"lo","lo","easycorrectdiff",-1
626,"hi","hi","easycorrectdiff",2
627,"hi","lo","easycorrectdiff",0
628,"hi","lo","easycorrectdiff",-1
629,"hi","hi","easycorrectdiff",1
630,"hi","hi","easycorrectdiff",1
631,"hi","hi","easycorrectdiff",5
632,"hi","lo","easycorrectdiff",-1
633,"lo","hi","easycorrectdiff",2
634,"hi","hi","easycorrectdiff",1
635,"lo","hi","easycorrectdiff",1
636,"hi","hi","easycorrectdiff",2
637,"hi","lo","easycorrectdiff",0
638,"lo","hi","easycorrectdiff",0
640,"lo","lo","easycorrectdiff",1
641,"lo","lo","easycorrectdiff",0
642,"hi","hi","easycorrectdiff",0
643,"lo","lo","easycorrectdiff",0
644,"hi","lo","easycorrectdiff",1
645,"lo","lo","easycorrectdiff",2
646,"lo","lo","easycorrectdiff",0
647,"hi","lo","easycorrectdiff",0
648,"hi","lo","easycorrectdiff",1
649,"hi","hi","easycorrectdiff",4
650,"lo","lo","easycorrectdiff",1
651,"lo","lo","easycorrectdiff",0
652,"hi","lo","easycorrectdiff",1
653,"lo","hi","easycorrectdiff",1
654,"lo","hi","easycorrectdiff",0
655,"lo","lo","easycorrectdiff",0
602,"hi","lo","hardcorrectdiff",3
603,"hi","hi","hardcorrectdiff",3
604,"hi","hi","hardcorrectdiff",3
605,"lo","lo","hardcorrectdiff",2
606,"lo","hi","hardcorrectdiff",1
607,"hi","lo","hardcorrectdiff",-1
608,"hi","lo","hardcorrectdiff",2
609,"hi","hi","hardcorrectdiff",-2
610,"lo","lo","hardcorrectdiff",-1
611,"lo","lo","hardcorrectdiff",1
612,"lo","lo","hardcorrectdiff",0
613,"lo","hi","hardcorrectdiff",0
614,"lo","lo","hardcorrectdiff",3
615,"lo","hi","hardcorrectdiff",5
616,"lo","lo","hardcorrectdiff",-1
617,"hi","lo","hardcorrectdiff",2
618,"lo","lo","hardcorrectdiff",-1
619,"lo","hi","hardcorrectdiff",0
620,"hi","lo","hardcorrectdiff",1
621,"lo","hi","hardcorrectdiff",2
622,"hi","hi","hardcorrectdiff",-1
625,"lo","lo","hardcorrectdiff",2
626,"hi","hi","hardcorrectdiff",0
627,"hi","lo","hardcorrectdiff",-2
628,"hi","lo","hardcorrectdiff",3
629,"hi","hi","hardcorrectdiff",3
630,"hi","hi","hardcorrectdiff",3
631,"hi","hi","hardcorrectdiff",-1
632,"hi","lo","hardcorrectdiff",-1
633,"lo","hi","hardcorrectdiff",-2
634,"hi","hi","hardcorrectdiff",2
635,"lo","hi","hardcorrectdiff",2
636,"hi","hi","hardcorrectdiff",4
637,"hi","lo","hardcorrectdiff",1
638,"lo","hi","hardcorrectdiff",1
640,"lo","lo","hardcorrectdiff",3
641,"lo","lo","hardcorrectdiff",3
642,"hi","hi","hardcorrectdiff",0
643,"lo","lo","hardcorrectdiff",3
644,"hi","lo","hardcorrectdiff",-2
645,"lo","lo","hardcorrectdiff",1
646,"lo","lo","hardcorrectdiff",6
647,"hi","lo","hardcorrectdiff",4
648,"hi","lo","hardcorrectdiff",2
649,"hi","hi","hardcorrectdiff",2
650,"lo","lo","hardcorrectdiff",2
651,"lo","lo","hardcorrectdiff",3
652,"hi","lo","hardcorrectdiff",0
653,"lo","hi","hardcorrectdiff",-1
654,"lo","hi","hardcorrectdiff",2
655,"lo","lo","hardcorrectdiff",0
602,"hi","lo","easytimediff",1147.3
603,"hi","hi","easytimediff",1046.575
604,"hi","hi","easytimediff",607.325
605,"lo","lo","easytimediff",1265.3125
606,"lo","hi","easytimediff",387.45
607,"hi","lo","easytimediff",455.0125
608,"hi","lo","easytimediff",2154.6625
609,"hi","hi","easytimediff",1750.95
610,"lo","lo","easytimediff",236.7625
611,"lo","lo","easytimediff",607.9375
612,"lo","lo","easytimediff",682.1875
613,"lo","hi","easytimediff",424.2375
614,"lo","lo","easytimediff",847.25
615,"lo","hi","easytimediff",904.8
616,"lo","lo","easytimediff",205.2
617,"hi","lo","easytimediff",1203.15
618,"lo","lo","easytimediff",688.825
619,"lo","hi","easytimediff",262.2375
620,"hi","lo","easytimediff",1249.375
621,"lo","hi","easytimediff",748.3
622,"hi","hi","easytimediff",2373.5125
625,"lo","lo","easytimediff",725.2
626,"hi","hi","easytimediff",1561.6875
627,"hi","lo","easytimediff",906.4875
628,"hi","lo","easytimediff",498.5125
629,"hi","hi","easytimediff",1618.375
630,"hi","hi","easytimediff",1235.4375
631,"hi","hi","easytimediff",1808.2375
632,"hi","lo","easytimediff",-751.8875
633,"lo","hi","easytimediff",1461.875
634,"hi","hi","easytimediff",2098.4875
635,"lo","hi","easytimediff",2014.5
636,"hi","hi","easytimediff",2029.05
637,"hi","lo","easytimediff",357.9
638,"lo","hi","easytimediff",1051.425
640,"lo","lo","easytimediff",1794.375
641,"lo","lo","easytimediff",509.8875
642,"hi","hi","easytimediff",1192.225
643,"lo","lo","easytimediff",526.0375
644,"hi","lo","easytimediff",932.8625
645,"lo","lo","easytimediff",-144.2
646,"lo","lo","easytimediff",357.3
647,"hi","lo","easytimediff",740.4875
648,"hi","lo","easytimediff",-109.85
649,"hi","hi","easytimediff",1938.95
650,"lo","lo","easytimediff",76.0625
651,"lo","lo","easytimediff",-343.0375
652,"hi","lo","easytimediff",789.9
653,"lo","hi","easytimediff",-15.9499999999998
654,"lo","hi","easytimediff",1502.55
655,"lo","lo","easytimediff",987.45
602,"hi","lo","hardtimediff",1321.0125
603,"hi","hi","hardtimediff",696.25
604,"hi","hi","hardtimediff",379.85
605,"lo","lo","hardtimediff",599.65
606,"lo","hi","hardtimediff",1247.45
607,"hi","lo","hardtimediff",1437.2875
608,"hi","lo","hardtimediff",-26.6375000000003
609,"hi","hi","hardtimediff",-1715.9875
610,"lo","lo","hardtimediff",645.837500000001
611,"lo","lo","hardtimediff",787.975
612,"lo","lo","hardtimediff",1362.55
613,"lo","hi","hardtimediff",1585.5875
614,"lo","lo","hardtimediff",707.0625
615,"lo","hi","hardtimediff",559.2
616,"lo","lo","hardtimediff",809.875
617,"hi","lo","hardtimediff",575.4875
618,"lo","lo","hardtimediff",605.1625
619,"lo","hi","hardtimediff",784.7
620,"hi","lo","hardtimediff",-37.3250000000003
621,"lo","hi","hardtimediff",1766.3375
622,"hi","hi","hardtimediff",1442.9125
625,"lo","lo","hardtimediff",763.6875
626,"hi","hi","hardtimediff",-192.1125
627,"hi","lo","hardtimediff",765.425
628,"hi","lo","hardtimediff",1655.9625
629,"hi","hi","hardtimediff",1059.35
630,"hi","hi","hardtimediff",652.55
631,"hi","hi","hardtimediff",-17.3249999999998
632,"hi","lo","hardtimediff",-701.2125
633,"lo","hi","hardtimediff",1746.35
634,"hi","hi","hardtimediff",204.275
635,"lo","hi","hardtimediff",3.25
636,"hi","hi","hardtimediff",125.3125
637,"hi","lo","hardtimediff",477.1125
638,"lo","hi","hardtimediff",1579.475
640,"lo","lo","hardtimediff",617.275
641,"lo","lo","hardtimediff",-453.15
642,"hi","hi","hardtimediff",-298.5125
643,"lo","lo","hardtimediff",2014.025
644,"hi","lo","hardtimediff",713.8875
645,"lo","lo","hardtimediff",319.8875
646,"lo","lo","hardtimediff",1022.4625
647,"hi","lo","hardtimediff",599.975
648,"hi","lo","hardtimediff",1699.125
649,"hi","hi","hardtimediff",592.25
650,"lo","lo","hardtimediff",1741.625
651,"lo","lo","hardtimediff",-170.1
652,"hi","lo","hardtimediff",520.025
653,"lo","hi","hardtimediff",821.725
654,"lo","hi","hardtimediff",1305.475
655,"lo","lo","hardtimediff",410.5625
